0,train,194.0,2.0,38.0,89.0,184.0,34.0,63.0,48.0,22.0,170.0,52.0,85.0,83.0,123.0,81.0,6.0,51.0,43.0,49.0,97.0,36.0,71.0,98.0,42.0,142.0,15.0,56.0,87.0,95.0,172.0,125.0,162.0,171.0,196.0,139.0,111.0,128.0,137.0,149.0,100.0,53.0,86.0,185.0,94.0,35.0,96.0,167.0,154.0,19.0,168.0,144.0,76.0,27.0,159.0,164.0,103.0,156.0,93.0,73.0,0.0,17.0,120.0,75.0,46.0,178.0,33.0,13.0,110.0,66.0,189.0,40.0,124.0,60.0,37.0,180.0,64.0,62.0,5.0,74.0,20.0,57.0,146.0,25.0,70.0,190.0,102.0,126.0,91.0,58.0,197.0,104.0,88.0,158.0,116.0,16.0,69.0,187.0,113.0,10.0,129.0,30.0,105.0,122.0,173.0,198.0,119.0,175.0,134.0,118.0,130.0,55.0,192.0,106.0,181.0,133.0,147.0,59.0,9.0,32.0,84.0,114.0,135.0,109.0,199.0,47.0,117.0,31.0,163.0,140.0,136.0,14.0,50.0,165.0,12.0,143.0,152.0,4.0,21.0,179.0,23.0,186.0
0,val,107.0,166.0,161.0,182.0,1.0,77.0,127.0,39.0,78.0,200.0,151.0,112.0,68.0,193.0,79.0,44.0,148.0,29.0,45.0,80.0,41.0,92.0,115.0,24.0,157.0,131.0,145.0,153.0,191.0,121.0,82.0,26.0,132.0,54.0,11.0,108.0,3.0,65.0,90.0,28.0,8.0
0,test,195.0,18.0,188.0,61.0,99.0,150.0,174.0,183.0,155.0,169.0,177.0,138.0,160.0,141.0,67.0,7.0,176.0,72.0,101.0
1,train,36.0,71.0,98.0,42.0,142.0,15.0,56.0,87.0,95.0,172.0,125.0,162.0,171.0,196.0,139.0,111.0,128.0,137.0,149.0,100.0,53.0,86.0,185.0,94.0,35.0,96.0,167.0,154.0,19.0,168.0,144.0,76.0,27.0,159.0,164.0,103.0,156.0,93.0,73.0,0.0,17.0,120.0,75.0,46.0,178.0,33.0,13.0,110.0,66.0,189.0,40.0,124.0,60.0,37.0,180.0,64.0,62.0,5.0,74.0,20.0,57.0,146.0,25.0,70.0,190.0,102.0,126.0,91.0,58.0,197.0,104.0,88.0,158.0,116.0,16.0,69.0,187.0,113.0,10.0,129.0,30.0,105.0,122.0,173.0,198.0,119.0,175.0,134.0,118.0,130.0,55.0,192.0,106.0,181.0,133.0,147.0,59.0,9.0,32.0,84.0,114.0,135.0,109.0,199.0,47.0,117.0,31.0,163.0,140.0,136.0,14.0,50.0,165.0,12.0,143.0,152.0,4.0,21.0,179.0,23.0,186.0,195.0,18.0,188.0,61.0,99.0,150.0,174.0,183.0,155.0,169.0,177.0,138.0,160.0,141.0,67.0,7.0,176.0,72.0,101.0
1,val,41.0,92.0,115.0,24.0,157.0,131.0,145.0,153.0,191.0,121.0,82.0,26.0,132.0,54.0,11.0,108.0,3.0,65.0,90.0,28.0,8.0,194.0,2.0,38.0,89.0,184.0,34.0,63.0,48.0,22.0,170.0,52.0,85.0,83.0,123.0,81.0,6.0,51.0,43.0,49.0,97.0
1,test,107.0,166.0,161.0,182.0,1.0,77.0,127.0,39.0,78.0,200.0,151.0,112.0,68.0,193.0,79.0,44.0,148.0,29.0,45.0,80.0
2,train,86.0,185.0,94.0,35.0,96.0,167.0,154.0,19.0,168.0,144.0,76.0,27.0,159.0,164.0,103.0,156.0,93.0,73.0,0.0,17.0,120.0,75.0,46.0,178.0,33.0,13.0,110.0,66.0,189.0,40.0,124.0,60.0,37.0,180.0,64.0,62.0,5.0,74.0,20.0,57.0,146.0,25.0,70.0,190.0,102.0,126.0,91.0,58.0,197.0,104.0,88.0,158.0,116.0,16.0,69.0,187.0,113.0,10.0,129.0,30.0,105.0,122.0,173.0,198.0,119.0,175.0,134.0,118.0,130.0,55.0,192.0,106.0,181.0,133.0,147.0,59.0,9.0,32.0,84.0,114.0,135.0,109.0,199.0,47.0,117.0,31.0,163.0,140.0,136.0,14.0,50.0,165.0,12.0,143.0,152.0,4.0,21.0,179.0,23.0,186.0,195.0,18.0,188.0,61.0,99.0,150.0,174.0,183.0,155.0,169.0,177.0,138.0,160.0,141.0,67.0,7.0,176.0,72.0,101.0,107.0,166.0,161.0,182.0,1.0,77.0,127.0,39.0,78.0,200.0,151.0,112.0,68.0,193.0,79.0,44.0,148.0,29.0,45.0,80.0
2,val,194.0,2.0,38.0,89.0,184.0,34.0,63.0,48.0,22.0,170.0,52.0,85.0,83.0,123.0,81.0,6.0,51.0,43.0,49.0,97.0,36.0,71.0,98.0,42.0,142.0,15.0,56.0,87.0,95.0,172.0,125.0,162.0,171.0,196.0,139.0,111.0,128.0,137.0,149.0,100.0,53.0
2,test,41.0,92.0,115.0,24.0,157.0,131.0,145.0,153.0,191.0,121.0,82.0,26.0,132.0,54.0,11.0,108.0,3.0,65.0,90.0,28.0,8.0
3,train,120.0,75.0,46.0,178.0,33.0,13.0,110.0,66.0,189.0,40.0,124.0,60.0,37.0,180.0,64.0,62.0,5.0,74.0,20.0,57.0,146.0,25.0,70.0,190.0,102.0,126.0,91.0,58.0,197.0,104.0,88.0,158.0,116.0,16.0,69.0,187.0,113.0,10.0,129.0,30.0,105.0,122.0,173.0,198.0,119.0,175.0,134.0,118.0,130.0,55.0,192.0,106.0,181.0,133.0,147.0,59.0,9.0,32.0,84.0,114.0,135.0,109.0,199.0,47.0,117.0,31.0,163.0,140.0,136.0,14.0,50.0,165.0,12.0,143.0,152.0,4.0,21.0,179.0,23.0,186.0,195.0,18.0,188.0,61.0,99.0,150.0,174.0,183.0,155.0,169.0,177.0,138.0,160.0,141.0,67.0,7.0,176.0,72.0,101.0,107.0,166.0,161.0,182.0,1.0,77.0,127.0,39.0,78.0,200.0,151.0,112.0,68.0,193.0,79.0,44.0,148.0,29.0,45.0,80.0,41.0,92.0,115.0,24.0,157.0,131.0,145.0,153.0,191.0,121.0,82.0,26.0,132.0,54.0,11.0,108.0,3.0,65.0,90.0,28.0,8.0
3,val,36.0,71.0,98.0,42.0,142.0,15.0,56.0,87.0,95.0,172.0,125.0,162.0,171.0,196.0,139.0,111.0,128.0,137.0,149.0,100.0,53.0,86.0,185.0,94.0,35.0,96.0,167.0,154.0,19.0,168.0,144.0,76.0,27.0,159.0,164.0,103.0,156.0,93.0,73.0,0.0,17.0
3,test,194.0,2.0,38.0,89.0,184.0,34.0,63.0,48.0,22.0,170.0,52.0,85.0,83.0,123.0,81.0,6.0,51.0,43.0,49.0,97.0
4,train,146.0,25.0,70.0,190.0,102.0,126.0,91.0,58.0,197.0,104.0,88.0,158.0,116.0,16.0,69.0,187.0,113.0,10.0,129.0,30.0,105.0,122.0,173.0,198.0,119.0,175.0,134.0,118.0,130.0,55.0,192.0,106.0,181.0,133.0,147.0,59.0,9.0,32.0,84.0,114.0,135.0,109.0,199.0,47.0,117.0,31.0,163.0,140.0,136.0,14.0,50.0,165.0,12.0,143.0,152.0,4.0,21.0,179.0,23.0,186.0,195.0,18.0,188.0,61.0,99.0,150.0,174.0,183.0,155.0,169.0,177.0,138.0,160.0,141.0,67.0,7.0,176.0,72.0,101.0,107.0,166.0,161.0,182.0,1.0,77.0,127.0,39.0,78.0,200.0,151.0,112.0,68.0,193.0,79.0,44.0,148.0,29.0,45.0,80.0,41.0,92.0,115.0,24.0,157.0,131.0,145.0,153.0,191.0,121.0,82.0,26.0,132.0,54.0,11.0,108.0,3.0,65.0,90.0,28.0,8.0,194.0,2.0,38.0,89.0,184.0,34.0,63.0,48.0,22.0,170.0,52.0,85.0,83.0,123.0,81.0,6.0,51.0,43.0,49.0,97.0
4,val,86.0,185.0,94.0,35.0,96.0,167.0,154.0,19.0,168.0,144.0,76.0,27.0,159.0,164.0,103.0,156.0,93.0,73.0,0.0,17.0,120.0,75.0,46.0,178.0,33.0,13.0,110.0,66.0,189.0,40.0,124.0,60.0,37.0,180.0,64.0,62.0,5.0,74.0,20.0,57.0
4,test,36.0,71.0,98.0,42.0,142.0,15.0,56.0,87.0,95.0,172.0,125.0,162.0,171.0,196.0,139.0,111.0,128.0,137.0,149.0,100.0,53.0
5,train,105.0,122.0,173.0,198.0,119.0,175.0,134.0,118.0,130.0,55.0,192.0,106.0,181.0,133.0,147.0,59.0,9.0,32.0,84.0,114.0,135.0,109.0,199.0,47.0,117.0,31.0,163.0,140.0,136.0,14.0,50.0,165.0,12.0,143.0,152.0,4.0,21.0,179.0,23.0,186.0,195.0,18.0,188.0,61.0,99.0,150.0,174.0,183.0,155.0,169.0,177.0,138.0,160.0,141.0,67.0,7.0,176.0,72.0,101.0,107.0,166.0,161.0,182.0,1.0,77.0,127.0,39.0,78.0,200.0,151.0,112.0,68.0,193.0,79.0,44.0,148.0,29.0,45.0,80.0,41.0,92.0,115.0,24.0,157.0,131.0,145.0,153.0,191.0,121.0,82.0,26.0,132.0,54.0,11.0,108.0,3.0,65.0,90.0,28.0,8.0,194.0,2.0,38.0,89.0,184.0,34.0,63.0,48.0,22.0,170.0,52.0,85.0,83.0,123.0,81.0,6.0,51.0,43.0,49.0,97.0,36.0,71.0,98.0,42.0,142.0,15.0,56.0,87.0,95.0,172.0,125.0,162.0,171.0,196.0,139.0,111.0,128.0,137.0,149.0,100.0,53.0
5,val,120.0,75.0,46.0,178.0,33.0,13.0,110.0,66.0,189.0,40.0,124.0,60.0,37.0,180.0,64.0,62.0,5.0,74.0,20.0,57.0,146.0,25.0,70.0,190.0,102.0,126.0,91.0,58.0,197.0,104.0,88.0,158.0,116.0,16.0,69.0,187.0,113.0,10.0,129.0,30.0
5,test,86.0,185.0,94.0,35.0,96.0,167.0,154.0,19.0,168.0,144.0,76.0,27.0,159.0,164.0,103.0,156.0,93.0,73.0,0.0,17.0
6,train,109.0,199.0,47.0,117.0,31.0,163.0,140.0,136.0,14.0,50.0,165.0,12.0,143.0,152.0,4.0,21.0,179.0,23.0,186.0,195.0,18.0,188.0,61.0,99.0,150.0,174.0,183.0,155.0,169.0,177.0,138.0,160.0,141.0,67.0,7.0,176.0,72.0,101.0,107.0,166.0,161.0,182.0,1.0,77.0,127.0,39.0,78.0,200.0,151.0,112.0,68.0,193.0,79.0,44.0,148.0,29.0,45.0,80.0,41.0,92.0,115.0,24.0,157.0,131.0,145.0,153.0,191.0,121.0,82.0,26.0,132.0,54.0,11.0,108.0,3.0,65.0,90.0,28.0,8.0,194.0,2.0,38.0,89.0,184.0,34.0,63.0,48.0,22.0,170.0,52.0,85.0,83.0,123.0,81.0,6.0,51.0,43.0,49.0,97.0,36.0,71.0,98.0,42.0,142.0,15.0,56.0,87.0,95.0,172.0,125.0,162.0,171.0,196.0,139.0,111.0,128.0,137.0,149.0,100.0,53.0,86.0,185.0,94.0,35.0,96.0,167.0,154.0,19.0,168.0,144.0,76.0,27.0,159.0,164.0,103.0,156.0,93.0,73.0,0.0,17.0
6,val,146.0,25.0,70.0,190.0,102.0,126.0,91.0,58.0,197.0,104.0,88.0,158.0,116.0,16.0,69.0,187.0,113.0,10.0,129.0,30.0,105.0,122.0,173.0,198.0,119.0,175.0,134.0,118.0,130.0,55.0,192.0,106.0,181.0,133.0,147.0,59.0,9.0,32.0,84.0,114.0,135.0
6,test,120.0,75.0,46.0,178.0,33.0,13.0,110.0,66.0,189.0,40.0,124.0,60.0,37.0,180.0,64.0,62.0,5.0,74.0,20.0,57.0
7,train,195.0,18.0,188.0,61.0,99.0,150.0,174.0,183.0,155.0,169.0,177.0,138.0,160.0,141.0,67.0,7.0,176.0,72.0,101.0,107.0,166.0,161.0,182.0,1.0,77.0,127.0,39.0,78.0,200.0,151.0,112.0,68.0,193.0,79.0,44.0,148.0,29.0,45.0,80.0,41.0,92.0,115.0,24.0,157.0,131.0,145.0,153.0,191.0,121.0,82.0,26.0,132.0,54.0,11.0,108.0,3.0,65.0,90.0,28.0,8.0,194.0,2.0,38.0,89.0,184.0,34.0,63.0,48.0,22.0,170.0,52.0,85.0,83.0,123.0,81.0,6.0,51.0,43.0,49.0,97.0,36.0,71.0,98.0,42.0,142.0,15.0,56.0,87.0,95.0,172.0,125.0,162.0,171.0,196.0,139.0,111.0,128.0,137.0,149.0,100.0,53.0,86.0,185.0,94.0,35.0,96.0,167.0,154.0,19.0,168.0,144.0,76.0,27.0,159.0,164.0,103.0,156.0,93.0,73.0,0.0,17.0,120.0,75.0,46.0,178.0,33.0,13.0,110.0,66.0,189.0,40.0,124.0,60.0,37.0,180.0,64.0,62.0,5.0,74.0,20.0,57.0
7,val,105.0,122.0,173.0,198.0,119.0,175.0,134.0,118.0,130.0,55.0,192.0,106.0,181.0,133.0,147.0,59.0,9.0,32.0,84.0,114.0,135.0,109.0,199.0,47.0,117.0,31.0,163.0,140.0,136.0,14.0,50.0,165.0,12.0,143.0,152.0,4.0,21.0,179.0,23.0,186.0
7,test,146.0,25.0,70.0,190.0,102.0,126.0,91.0,58.0,197.0,104.0,88.0,158.0,116.0,16.0,69.0,187.0,113.0,10.0,129.0,30.0
8,train,107.0,166.0,161.0,182.0,1.0,77.0,127.0,39.0,78.0,200.0,151.0,112.0,68.0,193.0,79.0,44.0,148.0,29.0,45.0,80.0,41.0,92.0,115.0,24.0,157.0,131.0,145.0,153.0,191.0,121.0,82.0,26.0,132.0,54.0,11.0,108.0,3.0,65.0,90.0,28.0,8.0,194.0,2.0,38.0,89.0,184.0,34.0,63.0,48.0,22.0,170.0,52.0,85.0,83.0,123.0,81.0,6.0,51.0,43.0,49.0,97.0,36.0,71.0,98.0,42.0,142.0,15.0,56.0,87.0,95.0,172.0,125.0,162.0,171.0,196.0,139.0,111.0,128.0,137.0,149.0,100.0,53.0,86.0,185.0,94.0,35.0,96.0,167.0,154.0,19.0,168.0,144.0,76.0,27.0,159.0,164.0,103.0,156.0,93.0,73.0,0.0,17.0,120.0,75.0,46.0,178.0,33.0,13.0,110.0,66.0,189.0,40.0,124.0,60.0,37.0,180.0,64.0,62.0,5.0,74.0,20.0,57.0,146.0,25.0,70.0,190.0,102.0,126.0,91.0,58.0,197.0,104.0,88.0,158.0,116.0,16.0,69.0,187.0,113.0,10.0,129.0,30.0
8,val,109.0,199.0,47.0,117.0,31.0,163.0,140.0,136.0,14.0,50.0,165.0,12.0,143.0,152.0,4.0,21.0,179.0,23.0,186.0,195.0,18.0,188.0,61.0,99.0,150.0,174.0,183.0,155.0,169.0,177.0,138.0,160.0,141.0,67.0,7.0,176.0,72.0,101.0
8,test,105.0,122.0,173.0,198.0,119.0,175.0,134.0,118.0,130.0,55.0,192.0,106.0,181.0,133.0,147.0,59.0,9.0,32.0,84.0,114.0,135.0
9,train,155.0,16.0,85.0,76.0,22.0,136.0,9.0,126.0,128.0,92.0,14.0,182.0,123.0,61.0,77.0,115.0,68.0,74.0,73.0,45.0,31.0,89.0,50.0,6.0,174.0,75.0,191.0,156.0,122.0,197.0,91.0,190.0,134.0,48.0,44.0,34.0,46.0,53.0,90.0,97.0,47.0,52.0,19.0,159.0,82.0,179.0,193.0,37.0,153.0,12.0,183.0,4.0,86.0,124.0,103.0,178.0,3.0,43.0,8.0,70.0,189.0,111.0,143.0,137.0,110.0,158.0,142.0,32.0,157.0,93.0,109.0,125.0,192.0,5.0,96.0,83.0,72.0,186.0,42.0,176.0,40.0,67.0,146.0,2.0,51.0,166.0,138.0,71.0,60.0,144.0,196.0,41.0,130.0,63.0,177.0,120.0,135.0,149.0,28.0,56.0,27.0,59.0,194.0,116.0,25.0,145.0,163.0,164.0,108.0,112.0,181.0,106.0,141.0,102.0,79.0,139.0,147.0,57.0,10.0,129.0,95.0,127.0,169.0,54.0,195.0,121.0,185.0,165.0,140.0,55.0,35.0,94.0,13.0,188.0,132.0,24.0,7.0,58.0,100.0,49.0,17.0
9,val,18.0,11.0,1.0,15.0,172.0,81.0,107.0,152.0,151.0,104.0,26.0,118.0,62.0,170.0,65.0,162.0,173.0,84.0,23.0,0.0,184.0,175.0,148.0,99.0,64.0,154.0,150.0,133.0,88.0,21.0,167.0,66.0,39.0,171.0,187.0,117.0,38.0,30.0,114.0,20.0
9,test,180.0,160.0,161.0,168.0,33.0,119.0,198.0,78.0,105.0,200.0,199.0,98.0,131.0,69.0,36.0,113.0,87.0,101.0,29.0,80.0
